id,first_name,last_name,email,gender,ip_address
1,Bertha,Hempel,bhempel0@1und1.de,Female,80.88.30.102
2,Tildy,Peeter,tpeeter1@tamu.edu,Female,248.159.201.127
3,Isabelle,Booley,ibooley2@yolasite.com,Female,86.218.176.120
4,Danika,Hackwell,dhackwell3@weather.com,Female,86.151.43.218
5,Cristal,Chawkley,cchawkley4@360.cn,Female,152.177.47.92
6,Charisse,Beminster,cbeminster5@surveymonkey.com,Female,203.245.46.243
7,Nerita,Kohrt,nkohrt6@craigslist.org,Female,216.255.124.28
8,Conni,Wynrehame,cwynrehame7@pen.io,Female,129.179.87.188
9,Nanci,Barcroft,nbarcroft8@reference.com,Female,156.234.195.226
10,Quent,Featherstone,qfeatherstone9@foxnews.com,Male,141.144.255.110
11,Lou,Jedrych,ljedrycha@bloglovin.com,Male,34.105.252.77
12,Arvin,Leyzell,aleyzellb@vinaora.com,Male,114.35.217.232
13,Ettie,Ludlow,eludlowc@flavors.me,Female,243.229.146.196
14,Blaire,Aronson,baronsond@linkedin.com,Female,10.153.0.206
15,Charmine,Hollington,chollingtone@amazon.com,Female,138.200.28.4
16,Bradford,Burle,bburlef@biglobe.ne.jp,Male,168.199.63.18
17,Juliette,Stannion,jstanniong@github.com,Female,121.90.8.118
18,Vanny,Rableau,vrableauh@multiply.com,Female,236.181.161.167
19,Grannie,Quemby,gquembyi@ocn.ne.jp,Male,78.178.255.15
20,Deirdre,Minchenton,dminchentonj@alexa.com,Female,22.67.86.49
21,Bobbi,Belsher,bbelsherk@yale.edu,Female,132.50.133.92
22,Leonore,Phippin,lphippinl@slashdot.org,Female,103.168.42.187
23,Salli,Pickavant,spickavantm@marketwatch.com,Female,52.183.25.87
24,Marley,Warrender,mwarrendern@weebly.com,Female,151.68.212.19
25,Damiano,Simyson,dsimysono@umn.edu,Male,53.142.176.218
26,Elroy,Toleman,etolemanp@smh.com.au,Male,9.144.36.68
27,Gaile,Garrie,ggarrieq@myspace.com,Male,119.42.72.90
28,Polly,Duffield,pduffieldr@istockphoto.com,Female,103.171.227.228
29,Shaine,Rivallant,srivallants@angelfire.com,Female,29.97.252.212
30,Bride,Depport,bdepportt@linkedin.com,Female,134.47.74.205
31,Morris,Trimming,mtrimmingu@mashable.com,Male,38.208.200.89
32,Roxie,Latore,rlatorev@bing.com,Female,93.115.248.34
33,Arri,Hunnam,ahunnamw@ftc.gov,Male,71.242.84.147
34,Alysa,Maypes,amaypesx@sciencedaily.com,Female,142.92.233.32
35,Shandy,Eales,sealesy@wiley.com,Female,235.233.146.32
36,Bard,Stieger,bstiegerz@fastcompany.com,Male,179.112.119.168
37,Guntar,MacPhaden,gmacphaden10@home.pl,Male,14.29.210.68
38,Jacky,Pycock,jpycock11@nytimes.com,Male,244.233.10.13
39,Hiram,McKerron,hmckerron12@trellian.com,Male,155.162.38.195
40,Christye,Wren,cwren13@instagram.com,Female,231.26.195.212
41,Nevil,Pedroni,npedroni14@reference.com,Male,7.121.73.98
42,Tania,Braybrook,tbraybrook15@privacy.gov.au,Female,169.232.156.152
43,Colan,Ashmore,cashmore16@weather.com,Male,173.34.98.198
44,Blair,Colthard,bcolthard17@com.com,Male,212.134.204.250
45,Cornelia,Corbert,ccorbert18@51.la,Female,164.127.25.69
46,Astrix,Tainton,atainton19@addtoany.com,Female,220.196.241.241
47,Price,Meneux,pmeneux1a@nih.gov,Male,49.186.160.108
48,Emili,Grayshan,egrayshan1b@statcounter.com,Female,82.105.173.131
49,Hermione,Lednor,hlednor1c@instagram.com,Female,196.3.224.175
50,Silvain,Steger,ssteger1d@hp.com,Male,122.18.31.67
51,Meryl,Danbury,mdanbury1e@google.com.hk,Male,228.216.223.187
52,Justis,Beddard,jbeddard1f@yale.edu,Male,130.179.48.149
53,Warner,Snoden,wsnoden1g@com.com,Male,65.174.113.44
54,Heidi,Featherstone,hfeatherstone1h@cnn.com,Female,63.215.109.151
55,Graham,Sammon,gsammon1i@netvibes.com,Male,23.198.88.105
56,Giraud,Abbes,gabbes1j@skyrock.com,Male,64.111.195.192
57,Quinton,Friedank,qfriedank1k@cbsnews.com,Male,150.69.40.65
58,Clementius,Mariner,cmariner1l@mit.edu,Male,69.215.146.50
59,Sergent,Peirson,speirson1m@ucsd.edu,Male,25.189.114.16
60,Lianna,Jaggi,ljaggi1n@noaa.gov,Female,149.130.127.172
61,Merridie,Ghion,mghion1o@bigcartel.com,Female,10.45.171.243
62,Ermin,Cortin,ecortin1p@ovh.net,Male,3.90.102.120
63,Becka,Scartifield,bscartifield1q@zdnet.com,Female,69.232.228.228
64,Aldous,Burris,aburris1r@sitemeter.com,Male,154.17.51.246
65,Hynda,Gillease,hgillease1s@tamu.edu,Female,230.206.97.166
66,Zeb,Simenot,zsimenot1t@webmd.com,Male,131.200.86.37
67,Kalle,Dewdeny,kdewdeny1u@bizjournals.com,Male,204.110.144.159
68,Christoforo,Gimson,cgimson1v@ted.com,Male,196.181.77.16
69,Lia,Kingsworth,lkingsworth1w@princeton.edu,Female,246.196.214.248
70,Lenore,Hinckley,lhinckley1x@forbes.com,Female,240.195.5.46
71,Cristionna,Scrimshire,cscrimshire1y@amazon.co.uk,Female,63.60.244.132
72,Wakefield,Lawtie,wlawtie1z@gov.uk,Male,232.187.229.189
73,Sasha,Wogan,swogan20@bigcartel.com,Male,162.109.206.96
74,Laetitia,McGreil,lmcgreil21@symantec.com,Female,170.185.155.118
75,Drusy,Dobbinson,ddobbinson22@virginia.edu,Female,26.199.110.187
76,Nessi,Luna,nluna23@narod.ru,Female,131.217.176.167
77,Darren,Kitto,dkitto24@vistaprint.com,Male,102.198.117.168
78,Carlin,Kirkbright,ckirkbright25@chronoengine.com,Male,120.122.165.144
79,Jackquelin,Reichelt,jreichelt26@mac.com,Female,127.95.172.37
80,Marven,Kincla,mkincla27@apache.org,Male,235.82.178.62
81,Dominic,Hoy,dhoy28@quantcast.com,Male,150.79.231.220
82,James,Mayzes,jmayzes29@businesswire.com,Male,169.8.109.110
83,Traver,Karoly,tkaroly2a@earthlink.net,Male,137.39.19.66
84,Orbadiah,Bruckstein,obruckstein2b@irs.gov,Male,106.216.117.49
85,Gaspard,Gilston,ggilston2c@hibu.com,Male,251.7.25.36
86,Had,Gatesman,hgatesman2d@businessinsider.com,Male,152.80.172.163
87,Jeramie,Walentynowicz,jwalentynowicz2e@slideshare.net,Male,6.162.64.32
88,Casey,Menhenitt,cmenhenitt2f@jimdo.com,Male,148.207.52.152
89,Siobhan,Flory,sflory2g@newyorker.com,Female,89.86.138.171
90,Mikael,Brister,mbrister2h@about.com,Male,160.88.97.102
91,Jacquetta,McSpirron,jmcspirron2i@nps.gov,Female,165.83.24.37
92,Dareen,Kingzet,dkingzet2j@facebook.com,Female,68.49.15.104
93,Harmony,Laughnan,hlaughnan2k@wordpress.com,Female,210.164.117.157
94,Barnaby,Coleshill,bcoleshill2l@wunderground.com,Male,27.76.57.244
95,Lorin,Yanov,lyanov2m@ow.ly,Male,128.203.46.115
96,Alan,Farley,afarley2n@google.pl,Male,3.254.243.72
97,Goldy,Winsome,gwinsome2o@ycombinator.com,Female,2.155.195.234
98,Feliks,Conochie,fconochie2p@spiegel.de,Male,42.196.1.119
99,Timmy,de'-Ancy Willis,tdeancywillis2q@uiuc.edu,Male,51.114.51.42
100,Pen,Brodhead,pbrodhead2r@google.es,Female,83.195.37.193
101,Sherill,Balstone,sbalstone2s@va.gov,Female,138.185.158.223
102,Mikael,Conws,mconws2t@imageshack.us,Male,14.26.225.95
103,Algernon,Tomasini,atomasini2u@furl.net,Male,86.145.159.4
104,Frankie,Anton,fanton2v@blog.com,Female,201.1.173.118
105,Micky,Serrier,mserrier2w@soundcloud.com,Female,70.118.121.157
106,Brendan,Saich,bsaich2x@over-blog.com,Male,237.193.9.194
107,Jodi,Stidson,jstidson2y@histats.com,Male,238.77.58.251
108,Camey,Dilliston,cdilliston2z@ocn.ne.jp,Male,29.222.130.221
109,Annabelle,Philipeau,aphilipeau30@angelfire.com,Female,43.44.5.126
110,Rhodie,Farens,rfarens31@wikipedia.org,Female,202.66.93.151
111,Olav,Bees,obees32@ucoz.com,Male,164.7.213.245
112,Derwin,Hawse,dhawse33@bing.com,Male,159.76.234.58
113,Delmar,Perrinchief,dperrinchief34@google.com.br,Male,91.25.247.87
114,Wynny,Massy,wmassy35@weebly.com,Female,233.54.64.86
115,Tam,Crookshank,tcrookshank36@indiegogo.com,Male,192.95.86.134
116,Katrinka,Blackwell,kblackwell37@xing.com,Female,6.9.102.215
117,Ortensia,Stabbins,ostabbins38@hc360.com,Female,245.253.182.152
118,Cynde,Oaks,coaks39@newsvine.com,Female,21.96.116.96
119,Niels,O'Skehan,noskehan3a@amazon.co.uk,Male,84.136.162.243
120,Jackelyn,Czajkowska,jczajkowska3b@dagondesign.com,Female,77.63.126.136
121,Margeaux,Chesterton,mchesterton3c@mediafire.com,Female,39.43.76.182
122,Helyn,Hazleton,hhazleton3d@flavors.me,Female,75.235.182.131
123,Wynny,Ruthen,wruthen3e@simplemachines.org,Female,45.84.253.72
124,Trueman,Kleisle,tkleisle3f@bloomberg.com,Male,99.197.185.101
125,Brear,Chartres,bchartres3g@example.com,Female,106.3.54.125
126,Hallsy,Olyff,holyff3h@wufoo.com,Male,198.191.57.113
127,Nefen,Sivier,nsivier3i@xing.com,Male,195.192.33.127
128,Frazier,Tootell,ftootell3j@skype.com,Male,190.232.72.106
129,Morry,Spottiswood,mspottiswood3k@umich.edu,Male,168.214.188.19
130,Ayn,Marks,amarks3l@umich.edu,Female,224.207.188.147
131,Dame,Greder,dgreder3m@cornell.edu,Male,68.212.184.249
132,Wallace,Alderton,walderton3n@mozilla.org,Male,123.190.43.48
133,Neilla,Redfearn,nredfearn3o@sciencedirect.com,Female,39.14.229.237
134,Pier,Cawsy,pcawsy3p@twitpic.com,Female,171.137.22.246
135,Malia,Kingdon,mkingdon3q@github.com,Female,173.210.15.171
136,Gabriello,Axston,gaxston3r@psu.edu,Male,70.86.223.73
137,Lawrence,Reach,lreach3s@time.com,Male,74.184.174.207
138,Hadrian,Gager,hgager3t@squidoo.com,Male,226.65.194.35
139,Torre,Deer,tdeer3u@chronoengine.com,Male,16.120.166.143
140,Patric,Bechley,pbechley3v@aol.com,Male,65.166.180.119
141,Jeffrey,Wayman,jwayman3w@goodreads.com,Male,79.200.45.222
142,Glynis,Redhills,gredhills3x@1und1.de,Female,38.38.123.202
143,Javier,Rehorek,jrehorek3y@state.tx.us,Male,88.153.104.205
144,Elden,Quilty,equilty3z@cbsnews.com,Male,123.2.144.165
145,Antoni,Frarey,afrarey40@shareasale.com,Male,117.13.102.13
146,Reeta,O' Cloney,rocloney41@newsvine.com,Female,166.228.28.183
147,Adolf,Moye,amoye42@aol.com,Male,6.169.26.170
148,Sherman,Caron,scaron43@symantec.com,Male,168.167.8.221
149,Bucky,Sarl,bsarl44@spiegel.de,Male,105.191.201.139
150,Tawnya,Meegin,tmeegin45@geocities.com,Female,147.6.23.179
151,Phillipp,Ruberry,pruberry46@kickstarter.com,Male,28.166.196.238
152,Sophie,Thurman,sthurman47@mashable.com,Female,251.178.206.179
153,Grove,Butland,gbutland48@amazon.co.uk,Male,170.38.116.162
154,Amalia,Cammidge,acammidge49@newyorker.com,Female,19.250.15.236
155,Lark,Cartwight,lcartwight4a@blogspot.com,Female,22.52.235.69
156,Jacinda,Anshell,janshell4b@loc.gov,Female,164.42.145.33
157,Michal,Pods,mpods4c@shinystat.com,Male,190.43.237.45
158,Kaylyn,Causon,kcauson4d@linkedin.com,Female,58.214.182.26
159,Serene,Benian,sbenian4e@networkadvertising.org,Female,26.13.113.234
160,Lorenzo,Stiffkins,lstiffkins4f@cloudflare.com,Male,139.151.90.75
161,Marchelle,Whiston,mwhiston4g@macromedia.com,Female,245.243.179.183
162,Sawyer,Bossel,sbossel4h@loc.gov,Male,53.94.254.249
163,Miguela,McAllister,mmcallister4i@blinklist.com,Female,236.5.2.238
164,Liuka,Ongin,longin4j@tmall.com,Female,181.141.190.220
165,Babbette,Huban,bhuban4k@npr.org,Female,214.121.221.46
166,Bary,Massingham,bmassingham4l@pagesperso-orange.fr,Male,136.10.243.96
167,Emiline,Sample,esample4m@bandcamp.com,Female,86.217.250.113
168,Reggy,Anthill,ranthill4n@blogs.com,Male,221.172.96.125
169,Kermie,Sowthcote,ksowthcote4o@sfgate.com,Male,7.243.103.247
170,Gavan,Alloisi,galloisi4p@reuters.com,Male,191.139.117.198
171,Birgitta,Hutcheons,bhutcheons4q@vkontakte.ru,Female,152.48.175.253
172,Hollyanne,Scedall,hscedall4r@whitehouse.gov,Female,61.141.107.106
173,Ebonee,Thumann,ethumann4s@gnu.org,Female,157.230.178.76
174,Kyle,Avarne,kavarne4t@goodreads.com,Female,195.143.131.141
175,Rowney,Phillott,rphillott4u@craigslist.org,Male,16.245.59.248
176,Gae,Govan,ggovan4v@cdc.gov,Female,70.236.152.72
177,Estrella,Tottie,etottie4w@xing.com,Female,189.105.123.108
178,Johanna,Osbourn,josbourn4x@com.com,Female,129.168.136.81
179,Chickie,Heber,cheber4y@msn.com,Female,108.48.115.33
180,Tripp,Aumerle,taumerle4z@tiny.cc,Male,71.228.128.104
181,Tresa,Cattenach,tcattenach50@pinterest.com,Female,33.244.201.143
182,Chico,Gales,cgales51@kickstarter.com,Male,162.220.104.219
183,Morgun,Oxton,moxton52@yahoo.co.jp,Male,176.94.99.38
184,Dyan,Gentil,dgentil53@biglobe.ne.jp,Female,116.114.176.221
185,Garwood,Laurand,glaurand54@canalblog.com,Male,10.219.111.56
186,Glori,McLleese,gmclleese55@ftc.gov,Female,147.21.4.171
187,Sheelagh,Ghilardi,sghilardi56@freewebs.com,Female,191.204.64.156
188,Terry,Kellie,tkellie57@dyndns.org,Male,107.251.117.177
189,Ruben,Scuffham,rscuffham58@jalbum.net,Male,8.81.180.173
190,Beck,Worsham,bworsham59@washingtonpost.com,Male,95.67.31.251
191,Ruperto,Calderwood,rcalderwood5a@hud.gov,Male,47.28.214.46
192,Reine,Robion,rrobion5b@w3.org,Female,199.87.132.189
193,Daffi,Woodier,dwoodier5c@bizjournals.com,Female,210.213.64.58
194,Wenonah,Clemencet,wclemencet5d@phpbb.com,Female,189.200.226.69
195,Cos,Haker,chaker5e@ycombinator.com,Male,20.76.186.177
196,Veradis,Praton,vpraton5f@ucla.edu,Female,122.190.56.130
197,Raynell,Liversley,rliversley5g@springer.com,Female,20.233.73.83
198,Shirlee,Whickman,swhickman5h@cpanel.net,Female,233.50.220.106
199,Lanny,Van Arsdall,lvanarsdall5i@tiny.cc,Female,100.15.137.181
200,Fredric,Tows,ftows5j@sitemeter.com,Male,231.178.47.17
201,Carilyn,O'Shea,coshea5k@wikispaces.com,Female,73.40.32.240
202,Inglebert,Fellows,ifellows5l@china.com.cn,Male,160.228.76.225
203,Franciska,Kadar,fkadar5m@harvard.edu,Female,23.251.179.172
204,Florentia,Izhakov,fizhakov5n@thetimes.co.uk,Female,122.237.224.145
205,Timmi,Slade,tslade5o@ovh.net,Female,201.50.251.73
206,Neill,Kordova,nkordova5p@amazon.co.jp,Male,177.129.60.95
207,Cooper,Lawie,clawie5q@imdb.com,Male,178.201.130.1
208,Beatrix,Beasleigh,bbeasleigh5r@dagondesign.com,Female,100.132.56.73
209,Ericha,Edkins,eedkins5s@webnode.com,Female,121.110.151.51
210,Angelia,Goneau,agoneau5t@usda.gov,Female,168.194.16.194
211,Calli,Dreakin,cdreakin5u@hp.com,Female,174.60.178.113
212,Nissa,Maskelyne,nmaskelyne5v@newsvine.com,Female,1.176.84.83
213,Ive,Goodhay,igoodhay5w@usgs.gov,Male,160.65.78.176
214,Mattie,Eydel,meydel5x@twitter.com,Male,118.45.134.178
215,Josephina,Hildrew,jhildrew5y@amazon.co.uk,Female,221.226.27.83
216,Franny,Ledram,fledram5z@e-recht24.de,Male,86.56.198.141
217,Abran,Innerstone,ainnerstone60@linkedin.com,Male,239.141.73.125
218,Grier,Littlejohns,glittlejohns61@elpais.com,Female,137.28.0.185
219,Fernandina,Grinikhin,fgrinikhin62@issuu.com,Female,134.47.143.245
220,Katheryn,Longhurst,klonghurst63@yolasite.com,Female,92.226.45.57
221,Chiquia,Tafani,ctafani64@chron.com,Female,60.129.37.175
222,Codi,Smithin,csmithin65@abc.net.au,Male,29.113.125.131
223,Timmie,Depport,tdepport66@paypal.com,Female,245.234.36.51
224,Jemmie,Tiesman,jtiesman67@pinterest.com,Female,190.51.120.73
225,Barby,Hoyte,bhoyte68@discovery.com,Female,60.138.150.210
226,Sherry,Beauly,sbeauly69@webmd.com,Female,44.172.138.46
227,Vinny,Bortoli,vbortoli6a@flavors.me,Male,165.98.36.164
228,Corrine,Daventry,cdaventry6b@weather.com,Female,123.253.199.226
229,Ewart,Shimwall,eshimwall6c@people.com.cn,Male,141.250.96.197
230,Roby,Lippini,rlippini6d@list-manage.com,Female,93.136.23.77
231,Hendrick,Klimkowski,hklimkowski6e@addthis.com,Male,96.156.130.212
232,Farlee,Cairney,fcairney6f@sbwire.com,Male,164.191.13.66
233,Danyette,Fishpond,dfishpond6g@shutterfly.com,Female,8.176.172.43
234,Korey,Ferraron,kferraron6h@msn.com,Male,83.37.175.37
235,Tina,Bottomer,tbottomer6i@google.co.jp,Female,239.154.27.52
236,Otes,Hamblett,ohamblett6j@flickr.com,Male,18.5.91.115
237,Rosene,Trayhorn,rtrayhorn6k@ucoz.ru,Female,145.210.110.48
238,Drake,Sprowles,dsprowles6l@cbc.ca,Male,216.49.92.41
239,Giorgi,Redmell,gredmell6m@opensource.org,Male,199.57.176.167
240,Aime,Wiltshaw,awiltshaw6n@jigsy.com,Female,129.219.108.103
241,Conny,Feldbau,cfeldbau6o@quantcast.com,Male,85.239.74.76
242,Codi,Vanichkov,cvanichkov6p@yahoo.com,Male,81.57.155.124
243,Bank,Alderman,balderman6q@unicef.org,Male,95.45.152.80
244,Henriette,Skellington,hskellington6r@google.nl,Female,239.112.53.2
245,Whitney,Willers,wwillers6s@surveymonkey.com,Female,199.235.3.123
246,Brandy,Sebright,bsebright6t@acquirethisname.com,Female,242.216.72.117
247,Simona,Rosedale,srosedale6u@independent.co.uk,Female,133.73.155.1
248,Fianna,Sommerville,fsommerville6v@altervista.org,Female,230.38.120.186
249,Arline,Abramowitz,aabramowitz6w@artisteer.com,Female,4.104.24.80
250,Jasmine,Burge,jburge6x@icq.com,Female,251.180.62.25
251,Wyn,Appleby,wappleby6y@cornell.edu,Male,104.65.238.237
252,Garek,Brain,gbrain6z@npr.org,Male,237.184.222.120
253,Ingeborg,Dunkerton,idunkerton70@nsw.gov.au,Female,249.121.126.255
254,Parsifal,Dinan,pdinan71@businesswire.com,Male,6.205.138.239
255,Karlan,Raund,kraund72@cbc.ca,Male,224.188.226.14
256,Dalt,O'Hollegan,dohollegan73@arstechnica.com,Male,205.194.86.33
257,Reinhard,Hinners,rhinners74@google.de,Male,13.243.60.68
258,Conrad,Yellowlees,cyellowlees75@mlb.com,Male,41.87.20.21
259,Ginger,Anderer,ganderer76@uol.com.br,Female,223.166.61.69
260,Simone,Aristide,saristide77@marketwatch.com,Female,202.244.233.153
261,Harald,Strewther,hstrewther78@printfriendly.com,Male,56.193.253.18
262,Mariam,Eatttok,meatttok79@wikipedia.org,Female,50.51.244.205
263,Brant,Kingaby,bkingaby7a@yahoo.co.jp,Male,167.204.84.64
264,Ikey,Neligan,ineligan7b@noaa.gov,Male,188.167.102.161
265,Sanders,Collete,scollete7c@yahoo.com,Male,190.53.27.108
266,Dukie,Kobiela,dkobiela7d@hostgator.com,Male,105.40.76.184
267,Ettore,Kulis,ekulis7e@gmpg.org,Male,215.102.113.204
268,Doy,Rebbeck,drebbeck7f@nih.gov,Male,77.57.131.220
269,Rachel,McGuiness,rmcguiness7g@earthlink.net,Female,178.216.158.246
270,Fay,Posse,fposse7h@odnoklassniki.ru,Female,10.207.180.160
271,Collin,Silcox,csilcox7i@blogspot.com,Male,217.167.227.62
272,Roselia,Minchindon,rminchindon7j@smugmug.com,Female,51.159.75.76
273,Dukey,Aps,daps7k@craigslist.org,Male,12.104.12.184
274,Catina,Newall,cnewall7l@prlog.org,Female,119.82.231.53
275,Patsy,Andreu,pandreu7m@google.es,Male,252.221.121.208
276,Caryl,Nelson,cnelson7n@apache.org,Male,194.65.250.87
277,Tallia,MacRannell,tmacrannell7o@businesswire.com,Female,60.87.50.163
278,Mae,Stickins,mstickins7p@exblog.jp,Female,57.90.113.132
279,Katrina,Pettiward,kpettiward7q@ycombinator.com,Female,218.93.62.245
280,Worden,Britton,wbritton7r@1688.com,Male,12.125.177.13
281,Alexio,Yarranton,ayarranton7s@newsvine.com,Male,98.32.117.69
282,Wyatt,Dewdney,wdewdney7t@desdev.cn,Male,3.211.172.110
283,Heddi,Rait,hrait7u@google.com.hk,Female,11.220.1.79
284,Berni,Miguet,bmiguet7v@fema.gov,Female,58.84.101.186
285,Galven,Charrett,gcharrett7w@wikia.com,Male,59.86.153.165
286,Coriss,Inglefield,cinglefield7x@nyu.edu,Female,22.188.102.80
287,Hermine,Dutnall,hdutnall7y@wikimedia.org,Female,36.113.209.5
288,Annmarie,Raynard,araynard7z@businessinsider.com,Female,148.156.128.92
289,Derby,Kennally,dkennally80@un.org,Male,38.181.212.155
290,Valentine,Sperski,vsperski81@huffingtonpost.com,Male,87.43.51.67
291,Bo,Crafts,bcrafts82@infoseek.co.jp,Male,142.193.211.240
292,Rachel,Ambrois,rambrois83@miibeian.gov.cn,Female,231.12.131.85
293,Frederik,Pudsey,fpudsey84@scribd.com,Male,117.112.39.167
294,Pierette,Nisius,pnisius85@amazon.com,Female,124.96.93.183
295,Emelita,Scougall,escougall86@va.gov,Female,178.128.122.13
296,Sanders,Kagan,skagan87@studiopress.com,Male,157.81.107.16
297,Franciskus,Bickerdicke,fbickerdicke88@networksolutions.com,Male,92.232.197.110
298,Colline,Fidler,cfidler89@illinois.edu,Female,184.238.156.71
299,Arty,Sarl,asarl8a@epa.gov,Male,137.169.175.143
300,Kev,Arlow,karlow8b@npr.org,Male,234.40.178.87
301,Hakeem,Nicely,hnicely8c@ezinearticles.com,Male,123.87.126.10
302,Rani,Bayns,rbayns8d@wikipedia.org,Female,234.234.162.230
303,Lemuel,Simonetto,lsimonetto8e@hatena.ne.jp,Male,192.210.201.77
304,Ardelle,Aylin,aaylin8f@yale.edu,Female,63.183.215.15
305,Cristiano,Schettini,cschettini8g@about.me,Male,131.72.12.179
306,Anna-diane,Axtonne,aaxtonne8h@si.edu,Female,105.155.75.251
307,Cecilla,Latter,clatter8i@amazon.co.uk,Female,161.237.203.59
308,Jenni,Abdon,jabdon8j@ftc.gov,Female,132.160.177.58
309,Piotr,Cready,pcready8k@dailymail.co.uk,Male,140.153.147.89
310,Geno,Lippett,glippett8l@technorati.com,Male,186.41.225.61
311,Kimberli,Tregenza,ktregenza8m@live.com,Female,158.206.195.148
312,Rhoda,Caslin,rcaslin8n@purevolume.com,Female,14.31.251.26
313,Lon,Morsley,lmorsley8o@blogspot.com,Male,208.15.149.44
314,Camile,Georgot,cgeorgot8p@seesaa.net,Female,209.126.94.40
315,Elliott,Heeley,eheeley8q@auda.org.au,Male,214.137.60.82
316,Trescha,Weich,tweich8r@csmonitor.com,Female,166.235.182.101
317,Malinda,Myatt,mmyatt8s@foxnews.com,Female,112.174.2.91
318,Alvis,Chaters,achaters8t@linkedin.com,Male,123.90.67.218
319,Carmita,Matejka,cmatejka8u@toplist.cz,Female,28.145.144.190
320,Weber,Hince,whince8v@istockphoto.com,Male,34.103.147.140
321,Gan,Byk,gbyk8w@toplist.cz,Male,174.209.85.184
322,Zebedee,Shore,zshore8x@blogs.com,Male,231.212.165.166
323,Ronica,Haggerston,rhaggerston8y@ftc.gov,Female,122.179.252.16
324,Corinne,Duesberry,cduesberry8z@answers.com,Female,22.99.73.209
325,Jacquenette,Rohfsen,jrohfsen90@fotki.com,Female,60.85.110.26
326,Rube,Terron,rterron91@seattletimes.com,Male,41.92.210.8
327,Leela,Langstone,llangstone92@qq.com,Female,49.44.26.201
328,Urson,Fantin,ufantin93@meetup.com,Male,169.143.219.16
329,Paquito,Jewett,pjewett94@privacy.gov.au,Male,210.222.51.52
330,Alysa,Zincke,azincke95@mapquest.com,Female,82.48.9.113
331,Elfrida,Sylvester,esylvester96@wsj.com,Female,28.149.189.232
332,Moss,Cleve,mcleve97@tinyurl.com,Male,202.11.198.36
333,Delly,Cruces,dcruces98@bing.com,Female,125.216.165.239
334,Monro,Souten,msouten99@japanpost.jp,Male,47.220.81.112
335,Vasili,Beney,vbeney9a@nationalgeographic.com,Male,36.127.143.101
336,Pat,Northill,pnorthill9b@elpais.com,Female,201.192.63.57
337,Lise,Yeskov,lyeskov9c@businessinsider.com,Female,106.218.70.0
338,Ebenezer,Oels,eoels9d@walmart.com,Male,127.210.187.41
339,Florence,Dobbie,fdobbie9e@mail.ru,Female,209.147.183.102
340,Alfie,Murrhardt,amurrhardt9f@ucoz.ru,Female,84.179.11.48
341,Bendick,Churchley,bchurchley9g@indiegogo.com,Male,195.210.110.23
342,Ulises,Gerault,ugerault9h@mysql.com,Male,6.208.38.244
343,Fredric,Lashmar,flashmar9i@paypal.com,Male,112.44.102.10
344,Cherianne,Juste,cjuste9j@tamu.edu,Female,218.166.161.185
345,Crichton,Casford,ccasford9k@zimbio.com,Male,185.199.35.76
346,Thorstein,Mealing,tmealing9l@github.com,Male,152.14.218.6
347,Town,Blaszczynski,tblaszczynski9m@desdev.cn,Male,39.192.10.148
348,Gerri,Littlemore,glittlemore9n@wisc.edu,Female,75.203.234.107
349,Cleve,Ormistone,cormistone9o@fc2.com,Male,17.73.17.33
350,Ina,Teare,iteare9p@globo.com,Female,69.131.170.130
351,Bealle,Ell,bell9q@forbes.com,Male,135.176.211.161
352,Lelia,Liepmann,lliepmann9r@friendfeed.com,Female,36.93.40.89
353,Gannie,Trasler,gtrasler9s@scribd.com,Male,135.194.235.18
354,Nan,Relf,nrelf9t@csmonitor.com,Female,175.43.78.237
355,Roley,Patesel,rpatesel9u@skype.com,Male,63.224.9.136
356,Bette,Ohrt,bohrt9v@time.com,Female,115.77.154.24
357,Wood,Andrat,wandrat9w@wunderground.com,Male,193.244.127.244
358,Wash,Burrett,wburrett9x@theglobeandmail.com,Male,75.155.100.36
359,Tanitansy,McQuode,tmcquode9y@squarespace.com,Female,87.77.137.132
360,Venus,Furse,vfurse9z@jalbum.net,Female,100.152.151.138
361,Marna,Swain,mswaina0@unc.edu,Female,255.44.209.142
362,Inglis,Caldero,icalderoa1@ning.com,Male,139.105.183.205
363,Devon,Durning,ddurninga2@histats.com,Female,253.225.132.48
364,Lynda,Whichelow,lwhichelowa3@ca.gov,Female,238.164.102.79
365,Barny,Bremmer,bbremmera4@delicious.com,Male,155.54.118.159
366,Llewellyn,Westmancoat,lwestmancoata5@craigslist.org,Male,71.106.79.14
367,Normy,Hanna,nhannaa6@smh.com.au,Male,54.73.162.167
368,Garwin,Perrat,gperrata7@oakley.com,Male,60.23.83.125
369,Ira,Caverhill,icaverhilla8@shop-pro.jp,Male,0.248.18.11
370,Peggi,Dissman,pdissmana9@smugmug.com,Female,48.143.49.235
371,Ebenezer,Gason,egasonaa@altervista.org,Male,118.75.8.1
372,Arnoldo,More,amoreab@geocities.com,Male,245.43.216.92
373,Cherish,Ryrie,cryrieac@tinyurl.com,Female,102.101.78.76
374,Nyssa,Tankin,ntankinad@canalblog.com,Female,2.102.221.253
375,Ira,Rutigliano,irutiglianoae@va.gov,Male,147.68.48.175
376,Frederik,Satterfitt,fsatterfittaf@cam.ac.uk,Male,247.61.166.29
377,Thomas,Guisby,tguisbyag@time.com,Male,185.189.177.228
378,Mitchael,Collaton,mcollatonah@discuz.net,Male,234.57.73.73
379,Ogden,Prattington,oprattingtonai@yolasite.com,Male,94.116.240.107
380,Hervey,Aime,haimeaj@opensource.org,Male,132.191.159.235
381,Stevena,Pimlock,spimlockak@usatoday.com,Female,25.219.243.237
382,Matthus,Tejero,mtejeroal@elpais.com,Male,94.227.3.119
383,Ozzy,Manifield,omanifieldam@tumblr.com,Male,242.185.209.1
384,Cyrill,Zellner,czellneran@spiegel.de,Male,13.22.206.21
385,Renaud,Largen,rlargenao@geocities.com,Male,76.186.205.179
386,Nikolaus,Thalmann,nthalmannap@sohu.com,Male,140.151.81.137
387,Remington,Gomes,rgomesaq@ucsd.edu,Male,202.18.174.144
388,Pepillo,Burgisi,pburgisiar@loc.gov,Male,66.222.72.65
389,Max,Ganders,mgandersas@pen.io,Female,229.78.174.92
390,Veda,Gunby,vgunbyat@stumbleupon.com,Female,232.10.139.74
391,Loria,Jacomb,ljacombau@wunderground.com,Female,228.161.115.236
392,Yankee,McGaffey,ymcgaffeyav@linkedin.com,Male,148.75.198.250
393,Cody,Reims,creimsaw@gmpg.org,Male,11.133.82.226
394,Pattin,Humble,phumbleax@house.gov,Male,39.96.228.204
395,Kliment,Zanini,kzaniniay@ebay.com,Male,60.209.52.110
396,Aggie,Lymer,alymeraz@ted.com,Female,42.166.191.46
397,Charyl,Davitashvili,cdavitashvilib0@tripadvisor.com,Female,21.14.209.201
398,Dot,Morland,dmorlandb1@icio.us,Female,50.109.162.76
399,Giovanni,Dufton,gduftonb2@sogou.com,Male,251.233.225.44
400,Ardyce,Connow,aconnowb3@wired.com,Female,103.53.235.190
401,Claudia,Haquard,chaquardb4@biblegateway.com,Female,166.102.82.198
402,Henriette,Lenormand,hlenormandb5@army.mil,Female,229.120.87.36
403,Marco,Goodright,mgoodrightb6@salon.com,Male,9.144.236.97
404,Olvan,Thomlinson,othomlinsonb7@google.fr,Male,215.37.200.54
405,Aron,Cruddas,acruddasb8@soup.io,Male,216.129.110.187
406,Aaron,Siman,asimanb9@usa.gov,Male,12.93.216.139
407,Stuart,Worsfield,sworsfieldba@ow.ly,Male,193.214.45.93
408,Pia,Izaks,pizaksbb@npr.org,Female,46.93.138.7
409,Maurice,McKew,mmckewbc@w3.org,Male,89.255.154.74
410,Alyse,Capstick,acapstickbd@de.vu,Female,104.38.192.171
411,Hanni,Aleksandrev,haleksandrevbe@nyu.edu,Female,0.209.18.7
412,Marc,Pawley,mpawleybf@epa.gov,Male,208.57.179.244
413,Lev,Swanbourne,lswanbournebg@unc.edu,Male,196.178.236.146
414,Sharona,Prydden,spryddenbh@mayoclinic.com,Female,123.32.75.120
415,Cobb,Jozefowicz,cjozefowiczbi@histats.com,Male,34.179.85.190
416,Dottie,Egle of Germany,degleofgermanybj@ted.com,Female,204.57.140.253
417,Monro,Kleinlerer,mkleinlererbk@t-online.de,Male,210.6.185.216
418,Kally,Swafield,kswafieldbl@china.com.cn,Female,44.172.191.170
419,Bevin,Gibbe,bgibbebm@unc.edu,Male,255.87.154.108
420,Gelya,Truwert,gtruwertbn@icq.com,Female,245.69.9.224
421,Der,Rougier,drougierbo@stumbleupon.com,Male,169.193.196.215
422,Chrysa,Noad,cnoadbp@de.vu,Female,2.239.153.228
423,Ches,Rayworth,crayworthbq@t.co,Male,46.229.99.171
424,Brandea,Lockless,blocklessbr@elegantthemes.com,Female,196.211.41.64
425,Stella,Leeburn,sleeburnbs@studiopress.com,Female,255.194.171.92
426,Damon,Braddick,dbraddickbt@weibo.com,Male,29.25.211.10
427,Emily,Coupe,ecoupebu@discovery.com,Female,193.250.96.35
428,Harri,Roseburgh,hroseburghbv@issuu.com,Female,41.122.129.69
429,Connie,Stoter,cstoterbw@usatoday.com,Male,144.166.146.125
430,Ab,Toffler,atofflerbx@oakley.com,Male,73.60.44.167
431,Jillie,Bigland,jbiglandby@home.pl,Female,118.110.81.170
432,Egon,Fevier,efevierbz@mapy.cz,Male,3.224.115.125
433,Bax,Tift,btiftc0@wsj.com,Male,120.76.69.199
434,Susanne,Millimoe,smillimoec1@reddit.com,Female,7.48.195.25
435,August,Stukings,astukingsc2@opera.com,Male,181.62.174.95
436,Pier,Cran,pcranc3@gravatar.com,Female,122.246.229.170
437,Randa,Mitkcov,rmitkcovc4@baidu.com,Female,82.242.113.141
438,Bebe,Breheny,bbrehenyc5@cmu.edu,Female,63.105.222.57
439,Lacy,Wardley,lwardleyc6@scientificamerican.com,Female,171.1.241.167
440,Clayson,Bestman,cbestmanc7@dagondesign.com,Male,206.191.226.32
441,Evangelina,Duplock,eduplockc8@sfgate.com,Female,132.174.156.223
442,Marsiella,Raxworthy,mraxworthyc9@businessinsider.com,Female,87.66.124.226
443,Giacinta,Fawdery,gfawderyca@macromedia.com,Female,103.156.163.240
444,Luke,Errichiello,lerrichiellocb@ameblo.jp,Male,162.228.154.188
445,Morey,Whitford,mwhitfordcc@cocolog-nifty.com,Male,159.71.82.4
446,Lanna,Bilovsky,lbilovskycd@goo.gl,Female,31.188.23.237
447,Kevon,Snawdon,ksnawdonce@ustream.tv,Male,35.31.227.182
448,Hasty,Vasiliev,hvasilievcf@craigslist.org,Male,140.135.213.219
449,Velma,Levey,vleveycg@nih.gov,Female,217.53.114.70
450,Fifi,Denver,fdenverch@soup.io,Female,13.14.161.206
451,King,Hartzogs,khartzogsci@parallels.com,Male,186.236.4.21
452,Gretta,Ayers,gayerscj@dailymotion.com,Female,173.114.188.254
453,Jon,Tume,jtumeck@purevolume.com,Male,57.159.33.5
454,Armin,Lehemann,alehemanncl@facebook.com,Male,250.190.21.119
455,Maxim,Bergeon,mbergeoncm@msn.com,Male,249.184.208.142
456,Cecilla,Bannister,cbannistercn@networksolutions.com,Female,4.243.113.0
457,Webster,Orrin,worrinco@indiatimes.com,Male,190.110.226.240
458,Rolph,Phipson,rphipsoncp@blogspot.com,Male,159.166.107.202
459,Noellyn,Slamaker,nslamakercq@stumbleupon.com,Female,44.159.4.192
460,Heather,Hearsey,hhearseycr@tripod.com,Female,80.157.220.78
461,Sybyl,Croft,scroftcs@msn.com,Female,249.213.76.198
462,Forest,Sauniere,fsaunierect@bbb.org,Male,253.218.136.128
463,Terrel,Reilly,treillycu@usnews.com,Male,37.139.56.102
464,Tildy,Madison,tmadisoncv@delicious.com,Female,121.247.197.42
465,Tedman,York,tyorkcw@chronoengine.com,Male,230.104.21.71
466,Anne-corinne,Vasyanin,avasyanincx@nyu.edu,Female,15.164.152.199
467,Pall,Ransbury,pransburycy@jigsy.com,Male,3.153.205.243
468,Kendell,Placstone,kplacstonecz@nymag.com,Male,238.169.49.31
469,Sephira,Osgerby,sosgerbyd0@friendfeed.com,Female,80.33.53.193
470,Waylan,Titchener,wtitchenerd1@wisc.edu,Male,222.111.49.63
471,Banky,Nockolds,bnockoldsd2@macromedia.com,Male,68.57.213.33
472,Quent,Greasty,qgreastyd3@ehow.com,Male,205.165.12.133
473,Magnum,Oneil,moneild4@microsoft.com,Male,226.23.149.178
474,Elset,Starrs,estarrsd5@ovh.net,Female,36.51.74.25
475,Nicoli,Keough,nkeoughd6@myspace.com,Female,138.23.52.227
476,Burnard,Mc Coughan,bmccoughand7@g.co,Male,239.178.215.111
477,Fee,Pirrone,fpirroned8@naver.com,Male,4.242.112.7
478,Indira,Tolley,itolleyd9@google.nl,Female,73.46.252.226
479,Kahaleel,Scantleberry,kscantleberryda@hp.com,Male,16.92.114.25
480,Travis,Klosterman,tklostermandb@4shared.com,Male,5.63.108.136
481,Milka,Coggin,mcoggindc@wordpress.com,Female,65.152.225.195
482,Jamaal,Lindroos,jlindroosdd@sun.com,Male,207.65.3.213
483,Ingmar,Mardell,imardellde@guardian.co.uk,Male,155.54.89.205
484,Chadwick,Lygo,clygodf@ca.gov,Male,215.43.213.58
485,Giffard,Hallibone,ghallibonedg@msn.com,Male,201.19.215.209
486,Fletcher,MacMurray,fmacmurraydh@npr.org,Male,79.168.156.156
487,Rodolph,Kiehne,rkiehnedi@jimdo.com,Male,70.136.65.155
488,Rowen,Lapley,rlapleydj@ihg.com,Male,192.196.55.100
489,Sioux,De Andreis,sdeandreisdk@hatena.ne.jp,Female,191.161.255.59
490,Zsazsa,Drever,zdreverdl@printfriendly.com,Female,1.143.16.234
491,Clem,Chatfield,cchatfielddm@photobucket.com,Female,55.6.41.56
492,Barbara,Clere,bcleredn@shinystat.com,Female,143.6.229.85
493,Siana,Sheal,sshealdo@4shared.com,Female,159.220.13.140
494,Kurt,Sebring,ksebringdp@xrea.com,Male,75.114.62.159
495,Sinclare,Baugham,sbaughamdq@yahoo.com,Male,2.95.178.132
496,Haily,Althorp,halthorpdr@ifeng.com,Male,68.226.37.141
497,Caryl,Gussin,cgussinds@cdc.gov,Male,125.123.89.241
498,Ebenezer,Toye,etoyedt@deliciousdays.com,Male,124.66.68.133
499,Madlen,Gebhard,mgebharddu@columbia.edu,Female,191.77.38.128
500,Dermot,Norvell,dnorvelldv@joomla.org,Male,127.192.233.8
501,Amelie,Horrigan,ahorrigandw@yandex.ru,Female,142.218.121.239
502,Irwinn,Josefson,ijosefsondx@yolasite.com,Male,223.2.186.130
503,Korrie,Heinrici,kheinricidy@tiny.cc,Female,144.40.56.105
504,Windham,Kimmince,wkimmincedz@typepad.com,Male,3.40.83.221
505,Matthew,Robe,mrobee0@oakley.com,Male,235.190.190.101
506,Myrtia,Hadlington,mhadlingtone1@archive.org,Female,232.52.85.197
507,Mitchel,Willmer,mwillmere2@trellian.com,Male,228.233.11.157
508,Dulciana,Reynoldson,dreynoldsone3@spotify.com,Female,172.245.95.32
509,Gil,Ebsworth,gebsworthe4@paginegialle.it,Male,169.227.143.38
510,Saudra,McGeoch,smcgeoche5@fc2.com,Female,186.89.12.206
511,Guntar,Rohlfing,grohlfinge6@twitter.com,Male,51.222.71.147
512,Vera,Syne,vsynee7@reference.com,Female,76.7.135.166
513,Hobey,Whysall,hwhysalle8@state.gov,Male,232.163.38.40
514,Augustus,Hatwells,ahatwellse9@twitter.com,Male,137.83.182.7
515,Gibbie,Myles,gmylesea@cornell.edu,Male,217.142.46.189
516,Elmo,Georgius,egeorgiuseb@kickstarter.com,Male,45.214.136.98
517,Lynelle,Perotti,lperottiec@accuweather.com,Female,202.61.10.77
518,Catharine,Minihane,cminihaneed@angelfire.com,Female,6.231.40.7
519,Kurt,O'Codihie,kocodihieee@hatena.ne.jp,Male,9.184.242.253
520,Isabelle,Yukhnevich,iyukhnevichef@wisc.edu,Female,228.133.10.254
521,Homerus,De Courtney,hdecourtneyeg@freewebs.com,Male,114.190.155.15
522,Nerissa,Coste,ncosteeh@skype.com,Female,120.94.248.181
523,Sibbie,Mularkey,smularkeyei@ucla.edu,Female,229.0.248.92
524,Aveline,Whitton,awhittonej@fda.gov,Female,50.84.201.74
525,Cherri,Penylton,cpenyltonek@privacy.gov.au,Female,141.59.252.254
526,Earvin,Pendlington,ependlingtonel@so-net.ne.jp,Male,6.174.5.210
527,Lucias,Wilcox,lwilcoxem@e-recht24.de,Male,222.160.152.125
528,Even,Antonognoli,eantonognolien@toplist.cz,Male,91.158.53.99
529,Caralie,Jorck,cjorckeo@netscape.com,Female,108.19.66.145
530,Matti,Moukes,mmoukesep@bloomberg.com,Female,202.235.31.157
531,Merissa,Matcham,mmatchameq@theglobeandmail.com,Female,86.37.201.115
532,Cornelius,Bortolazzi,cbortolazzier@youtu.be,Male,139.203.175.112
533,Manuel,Johanchon,mjohanchones@about.me,Male,153.106.27.37
534,Gaultiero,Bampford,gbampfordet@wordpress.com,Male,24.45.77.18
535,Sibby,Malenfant,smalenfanteu@list-manage.com,Female,202.10.232.132
536,Cristobal,Berridge,cberridgeev@symantec.com,Male,208.245.139.192
537,Angelia,Rabley,arableyew@hp.com,Female,48.89.67.193
538,Gladi,Marshfield,gmarshfieldex@foxnews.com,Female,201.130.233.15
539,Hillery,Alpes,halpesey@marriott.com,Male,217.59.0.17
540,Alexandros,Haydn,ahaydnez@studiopress.com,Male,194.40.67.172
541,Jayme,Stych,jstychf0@qq.com,Male,39.220.196.83
542,Garrett,Ainge,gaingef1@angelfire.com,Male,68.176.244.116
543,Adham,Fulbrook,afulbrookf2@aol.com,Male,97.139.138.53
544,Marlowe,Vasyaev,mvasyaevf3@mit.edu,Male,107.67.183.98
545,Rowena,Banthorpe,rbanthorpef4@microsoft.com,Female,63.160.252.100
546,Jackquelin,Caroli,jcarolif5@wikimedia.org,Female,176.255.74.85
547,Henryetta,Cowdry,hcowdryf6@sogou.com,Female,115.201.148.227
548,Audre,Godfrey,agodfreyf7@sciencedirect.com,Female,255.140.247.20
549,Rollins,Epelett,repelettf8@shareasale.com,Male,224.231.162.86
550,Irwin,Manwaring,imanwaringf9@google.com.hk,Male,81.184.75.81
551,Ewan,Bahia,ebahiafa@nydailynews.com,Male,20.159.92.14
552,Donnell,Ruller,drullerfb@reference.com,Male,178.255.20.26
553,Sadella,Matejic,smatejicfc@reference.com,Female,139.137.31.66
554,Thorn,Cuel,tcuelfd@g.co,Male,30.107.56.96
555,Carlin,Waldocke,cwaldockefe@xinhuanet.com,Male,114.205.147.135
556,Seka,Beszant,sbeszantff@yolasite.com,Female,163.0.40.29
557,Brose,Hodgin,bhodginfg@sohu.com,Male,35.149.243.176
558,Stewart,Dunguy,sdunguyfh@buzzfeed.com,Male,10.180.0.140
559,Waylen,Nanelli,wnanellifi@ezinearticles.com,Male,254.48.225.250
560,Reamonn,Blackham,rblackhamfj@usatoday.com,Male,110.153.98.205
561,Abner,Tommasuzzi,atommasuzzifk@mail.ru,Male,82.46.130.191
562,Lawrence,Gollin,lgollinfl@fotki.com,Male,104.73.178.65
563,Henryetta,Jeskin,hjeskinfm@chron.com,Female,8.202.128.37
564,Barnett,Camell,bcamellfn@nyu.edu,Male,56.89.216.163
565,Modestia,Duckham,mduckhamfo@exblog.jp,Female,214.93.47.50
566,Jenn,Farguhar,jfarguharfp@github.com,Female,42.125.216.226
567,Misty,Johanning,mjohanningfq@walmart.com,Female,210.8.88.43
568,Raleigh,Degg,rdeggfr@home.pl,Male,144.59.243.232
569,Stephine,Bussey,sbusseyfs@taobao.com,Female,88.253.27.70
570,Carce,Melley,cmelleyft@cyberchimps.com,Male,14.26.181.217
571,Ogdan,Bogart,obogartfu@hud.gov,Male,141.138.100.138
572,Florinda,Luberto,flubertofv@elegantthemes.com,Female,204.44.94.1
573,Marci,Grouvel,mgrouvelfw@acquirethisname.com,Female,32.114.136.226
574,Linnea,Monard,lmonardfx@huffingtonpost.com,Female,43.171.206.0
575,Bron,Fontin,bfontinfy@answers.com,Male,231.43.99.54
576,Hyatt,Flaxon,hflaxonfz@yahoo.com,Male,184.23.146.93
577,Delila,Ibbetson,dibbetsong0@tuttocitta.it,Female,59.78.150.79
578,Saba,Paunsford,spaunsfordg1@theguardian.com,Female,62.75.208.196
579,Suki,Crinson,scrinsong2@tamu.edu,Female,36.198.131.199
580,Bianka,Royston,broystong3@sun.com,Female,200.0.248.138
581,Jermayne,Davis,jdavisg4@google.ru,Male,68.222.82.77
582,Kissiah,Geri,kgerig5@furl.net,Female,14.121.244.165
583,Prue,Crawforth,pcrawforthg6@nbcnews.com,Female,251.168.185.249
584,Hedvig,Standingford,hstandingfordg7@redcross.org,Female,58.207.135.50
585,Menard,MacKaig,mmackaigg8@trellian.com,Male,90.197.213.104
586,Nevile,Woodbridge,nwoodbridgeg9@nasa.gov,Male,148.57.34.99
587,Malia,Armitt,marmittga@tripod.com,Female,166.128.25.106
588,Shurlocke,Bog,sboggb@alexa.com,Male,6.228.127.106
589,Uta,Dowbakin,udowbakingc@constantcontact.com,Female,146.28.57.115
590,Aldous,Abramovicz,aabramoviczgd@slashdot.org,Male,79.223.35.251
591,Dodi,Pauel,dpauelge@topsy.com,Female,14.91.192.210
592,Norbert,Brotheridge,nbrotheridgegf@mac.com,Male,149.227.142.190
593,Orbadiah,Mullinder,omullindergg@yellowpages.com,Male,163.78.5.53
594,Drusie,Bolens,dbolensgh@telegraph.co.uk,Female,74.254.195.91
595,Jenni,Kearley,jkearleygi@jugem.jp,Female,92.42.212.197
596,Husain,Yarrington,hyarringtongj@imgur.com,Male,77.168.239.200
597,Olivette,Pimlett,opimlettgk@youtube.com,Female,213.65.30.244
598,Grady,Outridge,goutridgegl@washington.edu,Male,220.149.97.24
599,Merwyn,Somerville,msomervillegm@mozilla.com,Male,33.219.2.122
600,Lenette,Wayt,lwaytgn@myspace.com,Female,245.126.214.172
601,Dimitry,Rosson,drossongo@google.es,Male,25.142.148.66
602,Dorothea,Eddow,deddowgp@marketwatch.com,Female,159.213.196.73
603,Basilius,Anstis,banstisgq@ihg.com,Male,150.90.222.190
604,Eugenio,Dellenbrok,edellenbrokgr@bbc.co.uk,Male,174.14.59.3
605,Raymund,Kasman,rkasmangs@cloudflare.com,Male,115.106.193.249
606,Tallulah,Senechault,tsenechaultgt@cbsnews.com,Female,145.218.15.207
607,Norrie,Willison,nwillisongu@illinois.edu,Female,238.112.186.207
608,Gavan,Ullock,gullockgv@yellowbook.com,Male,83.238.204.111
609,Paolina,Blakemore,pblakemoregw@ucoz.com,Female,173.110.18.12
610,Barbie,Drury,bdrurygx@gov.uk,Female,254.49.213.51
611,Stevena,Daffern,sdafferngy@blinklist.com,Female,9.195.164.197
612,Eveline,Whiting,ewhitinggz@photobucket.com,Female,91.192.58.234
613,Joye,Tiley,jtileyh0@noaa.gov,Female,226.134.228.207
614,Ula,St. Louis,ustlouish1@narod.ru,Female,114.59.218.71
615,Deck,Nicolson,dnicolsonh2@sogou.com,Male,88.197.5.204
616,Chrissy,Hutcheson,chutchesonh3@goo.gl,Male,14.170.170.184
617,Barney,Dunican,bdunicanh4@youku.com,Male,17.98.72.133
618,Ruthy,Flemyng,rflemyngh5@e-recht24.de,Female,121.234.203.0
619,Loren,Faltskog,lfaltskogh6@mit.edu,Male,35.205.148.49
620,Karney,Slucock,kslucockh7@cnet.com,Male,45.36.220.55
621,Berni,Rawsthorne,brawsthorneh8@tamu.edu,Female,246.103.128.30
622,Anissa,Chstney,achstneyh9@artisteer.com,Female,237.230.229.237
623,Louisa,Mixture,lmixtureha@blogger.com,Female,140.25.198.20
624,Rayna,Figgen,rfiggenhb@wisc.edu,Female,227.253.65.5
625,Van,Sings,vsingshc@tmall.com,Female,49.193.92.217
626,Lynn,Brewett,lbrewetthd@spotify.com,Male,11.197.153.50
627,Mariana,De Bruijne,mdebruijnehe@wired.com,Female,209.55.54.220
628,Olivette,Feltham,ofelthamhf@shinystat.com,Female,148.151.226.112
629,Talia,Peskin,tpeskinhg@wikia.com,Female,2.122.90.66
630,Fairleigh,Edmundson,fedmundsonhh@tmall.com,Male,125.156.151.191
631,Midge,Quelch,mquelchhi@google.com.hk,Female,169.87.209.143
632,Culley,Larret,clarrethj@usnews.com,Male,143.182.145.36
633,Ryon,Carlin,rcarlinhk@ft.com,Male,192.204.182.226
634,Halli,Chimienti,hchimientihl@icq.com,Female,215.230.9.39
635,Valene,Harsant,vharsanthm@ebay.co.uk,Female,56.242.136.108
636,Felice,Kenningley,fkenningleyhn@reddit.com,Male,51.69.173.160
637,Willy,Crosser,wcrosserho@g.co,Male,197.76.70.77
638,Waldemar,Di Lucia,wdiluciahp@google.fr,Male,242.174.77.229
639,Bonnibelle,Rieflin,brieflinhq@google.fr,Female,33.0.186.245
640,Marsha,Mainstone,mmainstonehr@oaic.gov.au,Female,255.195.71.222
641,Spence,Dullingham,sdullinghamhs@bloglines.com,Male,123.25.146.83
642,Darlleen,McGaraghan,dmcgaraghanht@prweb.com,Female,151.120.185.101
643,Susan,Ximenez,sximenezhu@baidu.com,Female,139.195.173.135
644,Saxe,Dighton,sdightonhv@columbia.edu,Male,179.23.254.27
645,Sherman,Dodgshon,sdodgshonhw@jimdo.com,Male,36.131.37.88
646,Jessika,Tiddy,jtiddyhx@redcross.org,Female,229.177.88.7
647,Ford,Forbear,fforbearhy@unesco.org,Male,95.43.160.10
648,Chico,Parken,cparkenhz@infoseek.co.jp,Male,6.49.162.190
649,Constanta,Baynton,cbayntoni0@hibu.com,Female,227.188.209.36
650,Sully,Daykin,sdaykini1@prweb.com,Male,138.58.138.90
651,Erasmus,Delany,edelanyi2@cornell.edu,Male,24.162.43.93
652,Basilio,Demicoli,bdemicolii3@g.co,Male,148.29.168.51
653,Antonio,Kunisch,akunischi4@uol.com.br,Male,142.236.217.154
654,Ernesta,MacFadyen,emacfadyeni5@google.com.br,Female,161.111.126.41
655,Henriette,Staveley,hstaveleyi6@xrea.com,Female,28.40.152.175
656,Brady,Witnall,bwitnalli7@toplist.cz,Male,150.24.194.151
657,Dory,Hulance,dhulancei8@techcrunch.com,Male,198.3.229.233
658,Cory,Holtham,cholthami9@ask.com,Male,148.153.181.171
659,Ulberto,Pickerin,upickerinia@columbia.edu,Male,238.82.14.217
660,Tomas,Songust,tsongustib@godaddy.com,Male,251.7.62.182
661,Ivonne,Noteyoung,inoteyoungic@nydailynews.com,Female,7.142.117.158
662,Alta,Rosbotham,arosbothamid@twitpic.com,Female,134.25.223.202
663,Trenton,Band,tbandie@nih.gov,Male,193.221.60.173
664,Alaster,Ashbe,aashbeif@toplist.cz,Male,84.84.43.66
665,Dukie,Parrish,dparrishig@economist.com,Male,138.102.80.61
666,Willem,Queripel,wqueripelih@storify.com,Male,49.190.130.84
667,Gwenny,Grogan,ggroganii@github.io,Female,56.71.223.186
668,Pansie,Chown,pchownij@uol.com.br,Female,22.29.140.64
669,Willow,Murrison,wmurrisonik@state.gov,Female,201.14.106.90
670,Forester,Robart,frobartil@smugmug.com,Male,84.73.225.134
671,Shoshanna,Strowlger,sstrowlgerim@tinypic.com,Female,165.172.111.121
672,Janel,Doogan,jdooganin@fda.gov,Female,236.244.132.80
673,Valma,Stirrip,vstirripio@google.ru,Female,177.163.26.160
674,Reinold,Peartree,rpeartreeip@odnoklassniki.ru,Male,85.77.46.210
675,Aigneis,Senett,asenettiq@engadget.com,Female,112.110.182.187
676,Jaimie,McGarrahan,jmcgarrahanir@comsenz.com,Female,190.248.164.43
677,Benyamin,Beckey,bbeckeyis@ucoz.com,Male,207.215.30.48
678,Kean,O' Hern,kohernit@unesco.org,Male,133.8.129.39
679,Broderick,Durante,bduranteiu@mysql.com,Male,127.67.161.247
680,Emerson,Ferie,eferieiv@google.es,Male,6.91.62.62
681,Torrie,Cloy,tcloyiw@mail.ru,Female,52.156.254.114
682,Jerri,Pipping,jpippingix@ezinearticles.com,Male,31.13.227.231
683,Bess,Marples,bmarplesiy@vistaprint.com,Female,244.23.36.18
684,Regan,Torregiani,rtorregianiiz@ebay.com,Male,63.94.0.56
685,Gavrielle,Jacox,gjacoxj0@cdbaby.com,Female,216.80.213.240
686,Pearce,O'Lehane,polehanej1@amazon.de,Male,229.20.121.97
687,Sibelle,Asp,saspj2@slideshare.net,Female,128.228.16.34
688,Merrie,Hailey,mhaileyj3@webnode.com,Female,148.1.64.250
689,Min,Champagne,mchampagnej4@google.nl,Female,237.21.36.195
690,Sianna,Ort,sortj5@exblog.jp,Female,206.36.119.15
691,Charleen,Blainey,cblaineyj6@blinklist.com,Female,98.195.188.5
692,Arley,Skin,askinj7@webs.com,Male,133.197.15.5
693,Katha,Baggallay,kbaggallayj8@msn.com,Female,1.53.86.41
694,Joyce,Dearden,jdeardenj9@angelfire.com,Female,125.8.159.16
695,Wenona,Nell,wnellja@feedburner.com,Female,73.58.171.18
696,Marthena,Le Noir,mlenoirjb@elpais.com,Female,212.186.69.36
697,Xymenes,Bleakman,xbleakmanjc@stanford.edu,Male,7.200.105.250
698,Mildred,Frackiewicz,mfrackiewiczjd@hatena.ne.jp,Female,112.252.221.51
699,Luca,Knightley,lknightleyje@webeden.co.uk,Male,160.241.87.141
700,Corly,Chantler,cchantlerjf@vistaprint.com,Female,172.36.157.165
701,Jone,Furneaux,jfurneauxjg@clickbank.net,Male,76.96.45.100
702,Bourke,Sauvan,bsauvanjh@google.fr,Male,231.223.194.82
703,Olimpia,Veschambre,oveschambreji@discuz.net,Female,216.234.176.47
704,Roi,Routham,rrouthamjj@microsoft.com,Male,214.36.186.76
705,Randolf,Matyugin,rmatyuginjk@wisc.edu,Male,216.48.145.160
706,Sallee,Shorie,sshoriejl@github.io,Female,223.51.41.214
707,Jammie,Whitham,jwhithamjm@bizjournals.com,Female,190.174.97.161
708,Allin,Edgell,aedgelljn@ameblo.jp,Male,254.152.23.9
709,Ernie,Meiningen,emeiningenjo@fema.gov,Male,83.216.176.123
710,Asher,Padfield,apadfieldjp@bbb.org,Male,61.3.144.234
711,Fionna,Aldgate,faldgatejq@sogou.com,Female,212.52.54.81
712,Petr,Teresia,pteresiajr@vistaprint.com,Male,173.109.237.211
713,Robinet,Boater,rboaterjs@washington.edu,Male,114.6.146.7
714,Karissa,Hold,kholdjt@goo.ne.jp,Female,121.26.53.163
715,Costa,Putson,cputsonju@nydailynews.com,Male,2.155.25.10
716,Linus,Sekulla,lsekullajv@craigslist.org,Male,196.231.13.95
717,Benjy,Emerine,bemerinejw@skyrock.com,Male,196.83.50.195
718,Neala,Vear,nvearjx@clickbank.net,Female,84.52.193.255
719,Cecilia,Thurgood,cthurgoodjy@google.it,Female,110.248.146.161
720,Baillie,Cowdery,bcowderyjz@canalblog.com,Male,110.65.183.143
721,Madelon,McArt,mmcartk0@businessweek.com,Female,115.132.254.233
722,Milli,Stutard,mstutardk1@multiply.com,Female,89.221.99.180
723,Catha,Selborne,cselbornek2@zimbio.com,Female,84.144.232.179
724,Eleni,Wagerfield,ewagerfieldk3@nih.gov,Female,46.134.254.203
725,Torrin,Wattingham,twattinghamk4@about.com,Male,241.123.247.26
726,Waylen,Gerdts,wgerdtsk5@prnewswire.com,Male,41.99.82.130
727,Standford,Minter,sminterk6@eepurl.com,Male,58.172.19.52
728,Gran,Mohammed,gmohammedk7@bluehost.com,Male,88.120.82.217
729,Berte,Elcoat,belcoatk8@businesswire.com,Female,250.234.23.196
730,Padraic,Colliver,pcolliverk9@sun.com,Male,157.154.97.134
731,Murielle,Lofts,mloftska@taobao.com,Female,68.3.221.91
732,Cyb,Bubeer,cbubeerkb@ning.com,Female,131.227.170.128
733,Mada,Rolles,mrolleskc@lycos.com,Female,33.69.228.35
734,Sanson,Littlemore,slittlemorekd@businessinsider.com,Male,247.186.6.238
735,Gaelan,Pawfoot,gpawfootke@list-manage.com,Male,158.102.156.9
736,Nollie,Airdrie,nairdriekf@vistaprint.com,Male,48.147.209.47
737,Daren,Poytres,dpoytreskg@usda.gov,Male,205.90.201.20
738,Mady,Shervil,mshervilkh@creativecommons.org,Female,60.97.151.96
739,Marley,Turley,mturleyki@twitter.com,Female,100.160.36.70
740,Dori,Ellsbury,dellsburykj@lycos.com,Female,156.138.142.185
741,Tansy,Tinto,ttintokk@youku.com,Female,215.200.106.21
742,Eirena,Baron,ebaronkl@51.la,Female,251.209.10.57
743,Nobie,Tournie,ntourniekm@indiegogo.com,Male,236.38.38.171
744,Perry,Schleswig-Holstein,pschleswigholsteinkn@bbc.co.uk,Male,138.124.225.214
745,Clarence,Mathy,cmathyko@skype.com,Male,235.152.61.143
746,Emma,Barling,ebarlingkp@dot.gov,Female,181.230.211.85
747,Zachary,Faulconer,zfaulconerkq@cloudflare.com,Male,170.219.197.134
748,Danice,Valentetti,dvalentettikr@tinyurl.com,Female,212.159.242.42
749,Tania,Torregiani,ttorregianiks@springer.com,Female,212.233.32.227
750,Morgen,Bowley,mbowleykt@i2i.jp,Male,40.95.197.12
751,Gaspar,Santer,gsanterku@usda.gov,Male,210.19.232.114
752,Darren,Threadgill,dthreadgillkv@cnet.com,Male,242.84.168.161
753,Nani,McCartan,nmccartankw@studiopress.com,Female,87.137.83.157
754,Nathanial,Wabe,nwabekx@usa.gov,Male,100.16.186.168
755,Rodger,Grahl,rgrahlky@wired.com,Male,133.92.243.193
756,Jocko,Sharpin,jsharpinkz@a8.net,Male,255.31.7.181
757,Britney,Brimelow,bbrimelowl0@studiopress.com,Female,88.84.190.200
758,Ema,Rizzillo,erizzillol1@hibu.com,Female,113.255.35.44
759,Theodosia,Tidswell,ttidswelll2@g.co,Female,3.131.98.242
760,Abba,Haizelden,ahaizeldenl3@com.com,Male,208.204.179.87
761,Isaac,Manneville,imannevillel4@ifeng.com,Male,148.163.160.59
762,Annabella,Rainbird,arainbirdl5@wisc.edu,Female,71.144.127.199
763,Randy,Woolfitt,rwoolfittl6@infoseek.co.jp,Female,216.212.87.138
764,Sinclare,Staker,sstakerl7@stumbleupon.com,Male,59.161.231.5
765,Hamlen,Gath,hgathl8@spiegel.de,Male,80.251.29.105
766,Constantin,Biddulph,cbiddulphl9@slashdot.org,Male,72.87.109.108
767,Christin,Backler,cbacklerla@gov.uk,Female,213.44.0.49
768,Calley,Pulhoster,cpulhosterlb@gnu.org,Female,147.178.22.35
769,Martha,Beamish,mbeamishlc@hibu.com,Female,176.58.81.129
770,Lulu,Frontczak,lfrontczakld@taobao.com,Female,87.4.190.62
771,Aldric,Marshman,amarshmanle@ox.ac.uk,Male,3.9.117.24
772,Bartolomeo,Scougal,bscougallf@wix.com,Male,89.168.55.180
773,Shermie,Speares,sspeareslg@latimes.com,Male,136.178.118.127
774,Dian,Starking,dstarkinglh@harvard.edu,Female,3.192.249.90
775,Gerrilee,Wyldish,gwyldishli@time.com,Female,71.107.255.61
776,Gordon,Emberson,gembersonlj@behance.net,Male,56.88.130.229
777,Hilliary,Rous,hrouslk@dropbox.com,Female,153.42.91.195
778,Tabb,Fortnon,tfortnonll@imgur.com,Male,221.156.189.151
779,Tobi,Soppeth,tsoppethlm@tinyurl.com,Female,66.166.240.114
780,Ottilie,Bearham,obearhamln@webmd.com,Female,17.219.73.58
781,Osbert,Kayes,okayeslo@utexas.edu,Male,121.40.99.69
782,Shane,Laverick,slavericklp@google.com,Male,143.231.172.139
783,Sancho,Jayume,sjayumelq@bluehost.com,Male,164.242.238.168
784,Bridgette,Peteri,bpeterilr@google.ca,Female,190.165.13.125
785,Olive,Woodhouse,owoodhousels@skyrock.com,Female,85.174.138.77
786,Lotte,Lapthorne,llapthornelt@hao123.com,Female,80.126.152.197
787,Billy,Bauld,bbauldlu@ucla.edu,Female,80.219.134.29
788,Jacqueline,Borne,jbornelv@google.com.au,Female,112.140.45.246
789,Gregoire,Tibols,gtibolslw@phpbb.com,Male,187.112.14.217
790,Cathy,Dumbreck,cdumbrecklx@stanford.edu,Female,73.248.66.130
791,Teodoor,Carlisso,tcarlissoly@google.de,Male,28.183.51.200
792,Jarib,Wallbank,jwallbanklz@networkadvertising.org,Male,218.158.59.230
793,Sheryl,Gusticke,sgustickem0@livejournal.com,Female,141.168.109.231
794,Michaela,Rishbrook,mrishbrookm1@alexa.com,Female,197.131.187.222
795,Leelah,Hickford,lhickfordm2@com.com,Female,35.234.109.227
796,Trudey,Westall,twestallm3@japanpost.jp,Female,248.90.198.68
797,Ealasaid,Perllman,eperllmanm4@rediff.com,Female,126.40.231.98
798,Debora,Gildersleaves,dgildersleavesm5@fastcompany.com,Female,150.91.2.150
799,Cynthea,Saint,csaintm6@prlog.org,Female,58.255.33.75
800,Judi,Russam,jrussamm7@quantcast.com,Female,239.239.11.151
801,Llewellyn,Quenby,lquenbym8@alibaba.com,Male,30.59.86.118
802,Nikkie,Rawstron,nrawstronm9@mozilla.org,Female,7.213.55.149
803,Danette,Kittoe,dkittoema@samsung.com,Female,77.130.216.157
804,Corbie,Toomer,ctoomermb@imgur.com,Male,253.38.0.241
805,Troy,Castelijn,tcastelijnmc@dagondesign.com,Male,238.29.36.29
806,Maddy,Hecks,mhecksmd@weibo.com,Male,11.52.195.171
807,Guenna,Acomb,gacombme@soup.io,Female,221.130.221.48
808,Judith,Brookwood,jbrookwoodmf@intel.com,Female,200.82.141.97
809,Bonnibelle,Corragan,bcorraganmg@smh.com.au,Female,200.166.50.99
810,Margot,Conibere,mconiberemh@twitter.com,Female,127.130.200.235
811,Fredek,Sheran,fsheranmi@bbc.co.uk,Male,43.89.136.79
812,Murray,Flode,mflodemj@live.com,Male,26.98.253.176
813,Chrissy,McIlwrath,cmcilwrathmk@yale.edu,Male,104.228.186.172
814,Mollie,Evens,mevensml@wufoo.com,Female,104.145.250.118
815,Marcus,Biagini,mbiaginimm@example.com,Male,199.128.156.9
816,Simon,Gartshore,sgartshoremn@last.fm,Male,118.104.252.34
817,Arluene,Drewitt,adrewittmo@blogger.com,Female,4.178.240.137
818,Tamera,Halladay,thalladaymp@diigo.com,Female,26.21.153.86
819,Brooks,Siebart,bsiebartmq@nba.com,Male,217.44.200.18
820,Olly,Cremen,ocremenmr@ca.gov,Male,111.127.195.187
821,Vernen,Hallock,vhallockms@patch.com,Male,16.71.56.163
822,Pavia,Larenson,plarensonmt@howstuffworks.com,Female,158.27.225.119
823,Cassius,Endacott,cendacottmu@zimbio.com,Male,244.94.188.22
824,Burnard,Fransoni,bfransonimv@godaddy.com,Male,17.47.194.201
825,Phyllys,Sephton,psephtonmw@kickstarter.com,Female,141.153.126.2
826,Skell,Bonellie,sbonelliemx@comsenz.com,Male,32.65.220.168
827,Rivy,Tigner,rtignermy@hhs.gov,Female,254.9.218.119
828,Randene,Griniov,rgriniovmz@soundcloud.com,Female,79.233.176.1
829,Shelley,Ludmann,sludmannn0@163.com,Male,164.121.53.79
830,Caldwell,Caldecott,ccaldecottn1@sitemeter.com,Male,135.174.42.106
831,Gwenneth,Scranedge,gscranedgen2@wix.com,Female,170.253.245.107
832,Gabie,Conws,gconwsn3@blog.com,Male,41.134.112.11
833,Lorna,Lehemann,llehemannn4@rakuten.co.jp,Female,0.81.41.144
834,Terrance,Veare,tvearen5@google.ru,Male,80.19.21.103
835,Ingelbert,Rentoul,irentouln6@wisc.edu,Male,131.89.195.7
836,Burton,Jerschke,bjerschken7@geocities.com,Male,60.16.151.168
837,Vida,Dongles,vdonglesn8@google.it,Female,86.240.93.129
838,Isobel,Waistall,iwaistalln9@php.net,Female,109.233.92.212
839,Helen-elizabeth,Mitten,hmittenna@oakley.com,Female,94.101.145.71
840,Sigismondo,Pinnell,spinnellnb@arstechnica.com,Male,127.48.116.46
841,Magda,Nulty,mnultync@mediafire.com,Female,53.52.7.200
842,Caddric,O' Mullan,comullannd@webs.com,Male,96.126.209.153
843,Mollie,Bonsall,mbonsallne@nifty.com,Female,251.223.55.86
844,Reba,Niessen,rniessennf@hatena.ne.jp,Female,184.164.241.85
845,Saul,Elsey,selseyng@stanford.edu,Male,253.136.246.216
846,Archaimbaud,Mundford,amundfordnh@archive.org,Male,134.21.208.151
847,Pietro,Ascraft,pascraftni@hp.com,Male,208.191.154.44
848,Constancia,Rutherforth,crutherforthnj@webnode.com,Female,177.173.148.80
849,Filmore,Burlingame,fburlingamenk@lycos.com,Male,49.26.5.233
850,Emeline,Giraths,egirathsnl@amazon.co.uk,Female,250.70.8.82
851,Paddy,Vicker,pvickernm@pbs.org,Male,74.189.176.71
852,Maxine,Wardlaw,mwardlawnn@homestead.com,Female,170.82.95.216
853,Leah,Jinda,ljindano@discuz.net,Female,150.76.74.6
854,Mavra,Tankus,mtankusnp@indiatimes.com,Female,73.227.120.145
855,Tracey,Airds,tairdsnq@aol.com,Male,16.13.248.134
856,Tadeas,Revell,trevellnr@booking.com,Male,194.253.195.31
857,Lucia,Walbrook,lwalbrookns@linkedin.com,Female,143.82.63.134
858,Janette,Hook,jhooknt@narod.ru,Female,120.35.3.112
859,Ezri,Worley,eworleynu@purevolume.com,Male,243.110.222.247
860,Bell,Kurton,bkurtonnv@opera.com,Female,173.144.243.219
861,Jeanie,Lownie,jlownienw@facebook.com,Female,149.36.96.92
862,Myrtice,Bettis,mbettisnx@wikimedia.org,Female,210.34.20.40
863,Morse,Burkitt,mburkittny@addthis.com,Male,18.79.38.105
864,Derrek,Dracksford,ddracksfordnz@geocities.com,Male,225.3.206.49
865,Maryjo,Vautrey,mvautreyo0@imdb.com,Female,165.227.242.219
866,Ruthy,Botten,rbotteno1@icio.us,Female,46.226.167.54
867,Gusella,Mapples,gmappleso2@xinhuanet.com,Female,66.137.164.122
868,Jocelyne,Marquez,jmarquezo3@ebay.co.uk,Female,204.153.137.187
869,Corie,Gostyke,cgostykeo4@miitbeian.gov.cn,Female,63.18.92.43
870,Isidore,Braund,ibraundo5@intel.com,Male,144.30.8.32
871,Laurette,Straffon,lstraffono6@columbia.edu,Female,152.207.124.200
872,Ruddie,Blick,rblicko7@paginegialle.it,Male,120.70.18.110
873,Elisha,Agronski,eagronskio8@wsj.com,Male,242.2.105.116
874,Rip,Lammerts,rlammertso9@chronoengine.com,Male,85.77.89.228
875,Tansy,Fleming,tflemingoa@nsw.gov.au,Female,254.153.126.218
876,Bogey,Londer,blonderob@who.int,Male,212.15.161.116
877,Donna,Dallander,ddallanderoc@oaic.gov.au,Female,86.23.229.23
878,Ellyn,Lorans,eloransod@naver.com,Female,71.32.125.119
879,Giovanna,Baumert,gbaumertoe@ucoz.com,Female,209.61.137.60
880,Bing,Giotto,bgiottoof@howstuffworks.com,Male,202.117.195.97
881,Luke,Stockdale,lstockdaleog@jiathis.com,Male,169.230.127.74
882,Chicky,Sailer,csaileroh@so-net.ne.jp,Male,59.204.153.62
883,Benjie,Steers,bsteersoi@elpais.com,Male,161.69.51.144
884,Anthe,Gear,agearoj@ebay.com,Female,79.143.150.131
885,Jamill,Tithecote,jtithecoteok@mozilla.com,Male,230.143.137.57
886,Martino,Elliott,melliottol@guardian.co.uk,Male,26.222.11.122
887,Katha,Bodycomb,kbodycombom@usda.gov,Female,5.14.65.247
888,Graham,Tidy,gtidyon@dedecms.com,Male,17.97.34.122
889,Bartie,Sallnow,bsallnowoo@intel.com,Male,144.94.183.244
890,Wilden,Antusch,wantuschop@github.io,Male,86.242.228.14
891,Thorny,Berrigan,tberriganoq@vistaprint.com,Male,88.107.98.29
892,Bethena,Degenhardt,bdegenhardtor@mayoclinic.com,Female,10.106.255.53
893,Tam,Beeching,tbeechingos@delicious.com,Male,85.75.223.84
894,Vanni,Tolmie,vtolmieot@wunderground.com,Female,52.80.28.141
895,Charline,Badsey,cbadseyou@scribd.com,Female,191.19.52.14
896,Bell,Horning,bhorningov@loc.gov,Female,220.17.16.36
897,Frants,Bryce,fbryceow@go.com,Male,145.214.161.25
898,Berkeley,Petrashov,bpetrashovox@gravatar.com,Male,217.135.101.56
899,Audi,Pettifer,apettiferoy@wiley.com,Female,81.84.178.219
900,Ware,Button,wbuttonoz@imgur.com,Male,35.131.129.104
901,Aura,Eastbrook,aeastbrookp0@geocities.jp,Female,62.123.2.170
902,Loise,Pudding,lpuddingp1@shop-pro.jp,Female,2.91.241.7
903,Aubrette,Ferron,aferronp2@behance.net,Female,2.202.12.104
904,Jasun,Spikings,jspikingsp3@cisco.com,Male,7.110.152.102
905,Kate,Shoesmith,kshoesmithp4@cnet.com,Female,162.242.253.31
906,Delly,Sarle,dsarlep5@blogger.com,Female,8.75.166.254
907,Sanders,Fernandes,sfernandesp6@topsy.com,Male,77.0.67.175
908,Julio,Calderon,jcalderonp7@jiathis.com,Male,207.147.200.104
909,Samara,Pires,spiresp8@pcworld.com,Female,31.127.103.40
910,Binky,Duberry,bduberryp9@washington.edu,Male,230.65.38.27
911,Herbert,Kleinhausen,hkleinhausenpa@mozilla.com,Male,208.72.146.114
912,Enrica,Barritt,ebarrittpb@google.ru,Female,191.41.61.109
913,Fairlie,Stert,fstertpc@nydailynews.com,Male,81.111.159.221
914,Jillian,Vannikov,jvannikovpd@ovh.net,Female,6.195.185.179
915,Fara,Gasnoll,fgasnollpe@cbc.ca,Female,16.104.59.113
916,Averil,Icom,aicompf@mlb.com,Male,135.63.151.26
917,Feliza,Fishleigh,ffishleighpg@auda.org.au,Female,170.236.135.255
918,Stewart,Prout,sproutph@cornell.edu,Male,1.68.199.38
919,Rebeka,Thurber,rthurberpi@nyu.edu,Female,26.243.27.122
920,Giraud,Leuty,gleutypj@opensource.org,Male,161.85.82.107
921,Deanna,Ambridge,dambridgepk@cornell.edu,Female,58.198.50.223
922,Abeu,Hellmer,ahellmerpl@cdbaby.com,Male,211.144.188.0
923,Fitz,Dmytryk,fdmytrykpm@eepurl.com,Male,78.128.11.252
924,Blondy,Fairhall,bfairhallpn@stumbleupon.com,Female,80.53.120.25
925,Putnem,Telfer,ptelferpo@meetup.com,Male,12.0.66.105
926,Meryl,Fishpond,mfishpondpp@oaic.gov.au,Female,124.159.177.64
927,Rakel,Cordelet,rcordeletpq@typepad.com,Female,127.72.16.172
928,Kinnie,Minget,kmingetpr@godaddy.com,Male,248.167.58.226
929,Marina,Dulson,mdulsonps@dion.ne.jp,Female,111.230.195.118
930,Bengt,Mainson,bmainsonpt@linkedin.com,Male,171.86.90.52
931,Denna,Wadsworth,dwadsworthpu@latimes.com,Female,238.162.1.43
932,Coraline,Pocklington,cpocklingtonpv@pinterest.com,Female,1.24.210.82
933,Caryn,Macia,cmaciapw@japanpost.jp,Female,91.246.192.126
934,Brier,Mosby,bmosbypx@wordpress.com,Female,118.147.9.248
935,Winfred,Frangello,wfrangellopy@youtu.be,Male,69.58.151.182
936,Quillan,Belcham,qbelchampz@mtv.com,Male,153.96.149.146
937,Even,Celler,ecellerq0@typepad.com,Male,0.92.112.223
938,Trumaine,Mathis,tmathisq1@xing.com,Male,61.180.213.188
939,Idette,Putton,iputtonq2@typepad.com,Female,127.216.61.219
940,Trevar,Lorait,tloraitq3@constantcontact.com,Male,126.207.153.146
941,Dawn,Eberz,deberzq4@newsvine.com,Female,123.121.111.124
942,Quintus,Greest,qgreestq5@wordpress.com,Male,212.54.182.0
943,Jewell,Stobbs,jstobbsq6@ucla.edu,Female,16.79.204.7
944,Bink,Alvaro,balvaroq7@pagesperso-orange.fr,Male,79.92.135.36
945,Kelwin,Ghio,kghioq8@china.com.cn,Male,187.83.187.176
946,Lotti,Raymen,lraymenq9@cornell.edu,Female,0.42.66.64
947,Otis,Larmuth,olarmuthqa@adobe.com,Male,1.77.25.217
948,Terry,Jore,tjoreqb@webmd.com,Female,206.90.118.106
949,Isa,Marsden,imarsdenqc@a8.net,Female,185.94.227.173
950,Mychal,Pescod,mpescodqd@creativecommons.org,Male,181.40.11.151
951,Sheppard,Dallywater,sdallywaterqe@nasa.gov,Male,164.58.135.245
952,Fitz,Laetham,flaethamqf@webnode.com,Male,192.179.136.133
953,Reynold,Jennings,rjenningsqg@nationalgeographic.com,Male,157.219.63.160
954,Ebenezer,Boydell,eboydellqh@nyu.edu,Male,192.213.9.73
955,Rachel,Gillam,rgillamqi@bbc.co.uk,Female,253.113.190.174
956,Merill,Liddiatt,mliddiattqj@vk.com,Male,36.135.123.190
957,Vincents,Benninck,vbenninckqk@bing.com,Male,51.195.111.34
958,Dahlia,Cabbell,dcabbellql@deliciousdays.com,Female,105.128.57.63
959,Cornelius,Dungee,cdungeeqm@marriott.com,Male,141.153.118.10
960,Chaddie,Reame,creameqn@nydailynews.com,Male,150.61.109.36
961,Ferdy,Drennan,fdrennanqo@posterous.com,Male,35.113.167.57
962,Myranda,Langdridge,mlangdridgeqp@boston.com,Female,9.70.246.43
963,Waverly,Eannetta,weannettaqq@berkeley.edu,Male,172.190.102.169
964,Ric,Sarfass,rsarfassqr@google.co.uk,Male,133.5.183.237
965,Devlen,Cuesta,dcuestaqs@mediafire.com,Male,149.58.76.100
966,Ban,Bissill,bbissillqt@epa.gov,Male,133.92.172.44
967,Justine,Simeoni,jsimeoniqu@vkontakte.ru,Female,81.41.6.227
968,Liza,Withams,lwithamsqv@de.vu,Female,228.41.195.154
969,Corabella,Angear,cangearqw@reuters.com,Female,42.243.102.20
970,Urbain,Gian,ugianqx@techcrunch.com,Male,108.53.195.186
971,Noah,Balbeck,nbalbeckqy@sakura.ne.jp,Male,148.51.18.22
972,Flory,Mechem,fmechemqz@facebook.com,Female,236.125.106.247
973,Karlens,Pladen,kpladenr0@time.com,Male,72.77.217.25
974,Malvina,Jaggi,mjaggir1@ca.gov,Female,30.207.99.61
975,Paolo,Chaffer,pchafferr2@fda.gov,Male,165.171.236.200
976,Aylmer,Ramelet,arameletr3@chicagotribune.com,Male,160.142.177.1
977,Sigvard,Ladbrook,sladbrookr4@google.com.hk,Male,136.118.71.150
978,Daffy,Chinnock,dchinnockr5@wunderground.com,Female,135.182.168.236
979,Beatrisa,Haselwood,bhaselwoodr6@tripod.com,Female,48.37.13.60
980,Brandy,Roberds,broberdsr7@usda.gov,Male,128.173.37.162
981,Joey,Brownsea,jbrownsear8@github.io,Male,47.207.20.85
982,Murdock,Smeuin,msmeuinr9@craigslist.org,Male,161.33.61.124
983,Zed,Trouel,ztrouelra@unicef.org,Male,159.178.165.215
984,Sandro,Jelley,sjelleyrb@webnode.com,Male,154.45.108.154
985,Deena,Alaway,dalawayrc@accuweather.com,Female,144.75.101.151
986,Vallie,Beteriss,vbeterissrd@ted.com,Female,108.17.129.55
987,Marquita,Ratke,mratkere@xing.com,Female,178.158.69.32
988,Elijah,Joseland,ejoselandrf@msn.com,Male,159.115.217.46
989,Mady,Ralph,mralphrg@nifty.com,Female,95.128.49.236
990,Christy,Butlin,cbutlinrh@jigsy.com,Male,49.25.102.231
991,Ingrim,Beilby,ibeilbyri@washington.edu,Male,85.114.203.58
992,Fanni,Thirtle,fthirtlerj@myspace.com,Female,77.85.43.224
993,Reuben,Colby,rcolbyrk@scribd.com,Male,34.139.44.109
994,Yurik,Tankard,ytankardrl@dailymotion.com,Male,188.223.234.74
995,Base,Broseke,bbrosekerm@joomla.org,Male,83.21.205.145
996,Dasie,Arnfield,darnfieldrn@weather.com,Female,223.202.44.249
997,Niki,Zannotelli,nzannotelliro@networksolutions.com,Female,209.188.250.181
998,Goraud,Plester,gplesterrp@mapquest.com,Male,201.21.138.94
999,Dolf,Doward,ddowardrq@hao123.com,Male,92.31.38.187
1000,Barbee,Gateshill,bgateshillrr@hostgator.com,Female,134.56.233.55
